{"cameraMode":{"drawMode":0,"name":"Shaded","section":"Shading Mode"},"sceneLighting":true,"audioPlay":false,"sceneViewState":{"m_AlwaysRefresh":false,"showFog":true,"showSkybox":false,"showFlares":true,"showImageEffects":true,"showParticleSystems":true,"showVisualEffectGraphs":true,"m_FxEnabled":true},"in2DMode":false,"pivot":{"x":0.5886142253875732,"y":0.09169548004865647,"z":1.6913845539093018},"rotation":{"x":-0.021892797201871873,"y":0.16272784769535066,"z":0.003611356019973755,"w":0.9864232540130615},"size":1.0279419422149659,"orthographic":false}